Month,Quantity,LineTotal
2023-09,11.0,41343.15
2023-10,325.0,1152835.52
2023-11,514.0,4712835.12
2023-12,550.0,3849577.63
2024-01,453.0,6282711.83
2024-02,568.0,6475936.42
2024-03,305.0,4658154.8
2024-04,358.0,5401048.75
2024-05,185.0,3222200.5100000002
2024-06,1599.0,27409618.27
2024-07,281.0,4767823.2299999995
2024-08,636.0,10982657.61
2024-09,373.0,5043470.06
2024-10,158.0,2298392.84
